CIC0,SM1_Dz(Z),GATS1i,NDSCH,NdssC,MLOGP,LC50
1.0,0.0617227084292952,0.5051505546751188,0,0,0.966804979253112,4.628
0.330481080053242,0.0617227084292952,0.1770998415213946,0,0,0.4950526651771465,3.21
0.4535082715345122,0.2938737908797789,0.2008716323296355,0,0,0.6512394935631451,4.906
0.5632249477086898,0.1524643021649009,0.4286846275752772,0,1,0.6069794659006278,3.24
0.4101540216771249,0.1027176416397973,0.2393026941362916,0,1,0.5304819661666135,2.87
0.0872789503707928,0.4970059880239521,0.4136291600633914,1,1,0.5282476859240345,3.47
0.4479939151930024,0.2579456471672041,0.3775752773375594,1,0,0.4386636876263433,3.917
0.2460543829625404,0.0617227084292952,0.3244849445324881,1,0,0.3651452282157676,2.567
0.4120555238638523,0.0617227084292952,0.2428684627575277,0,0,0.5266517714650495,3.448
0.5200608480699753,0.2284661446338093,0.4175911251980982,1,0,0.5563357804021705,4.557
0.3445521962350256,0.4085674804237679,0.2210776545166402,0,0,0.4928183849345675,4.257
0.3713633770678836,0.2298479963150622,0.2353407290015848,0,0,0.648366847536972,4.33
0.6929073968435063,0.6890833717181023,0.225039619651347,0,0,0.68156186828386,5.19
0.6392850351777905,0.4444956241363427,0.5281299524564185,0,0,0.7364613256729441,4.451
0.4019775622741965,0.3274988484569323,0.2975435816164817,0,0,0.4680285136716672,3.846
0.0,0.4744357438968218,0.2020602218700475,0,0,0.4200446856048516,5.558
0.3217341699942954,0.1865499769691386,0.1656101426307448,0,0,0.4018512607724226,4.287
0.3500665525765354,0.2671579917088899,0.2159270998415213,0,0,0.4878178529630812,3.483
0.5843316219813653,0.0617227084292952,0.4694928684627575,0,0,0.5487817852963082,3.721
0.2686822589845978,0.3519115614923998,0.1553090332805071,0,0,0.4679221193744015,4.961
0.5050389807948278,0.1865499769691386,0.3066561014263074,0,2,0.5826151718267901,4.577
0.2392089750903213,0.5343159834177799,0.160459587955626,0,0,0.6594318544526014,5.192
0.5037079292641187,0.1027176416397973,0.4655309033280506,1,0,0.4978189169060539,3.854
0.4401977562274197,0.2284661446338093,0.2991283676703645,0,1,0.4965421853388658,3.522
0.4632059326868225,0.0617227084292952,0.4457210776545166,0,0,0.5401638472177892,3.267
0.3445521962350256,0.4085674804237679,0.2210776545166402,0,0,0.4928183849345675,4.181
0.1838752614565506,0.3284200829111008,0.3145800316957211,0,0,0.3601446962442813,2.319
0.5662673512074538,0.1027176416397973,0.3007131537242472,0,0,0.6371954463240771,5.178
0.5035177790454458,0.1027176416397973,0.1596671949286846,0,0,0.6395361208639216,4.44
0.3445521962350256,0.4085674804237679,0.2210776545166402,0,0,0.4928183849345675,5.341
0.7355010458262027,0.2579456471672041,0.2935816164817749,1,2,0.76774124906905,8.571
0.5495341319642517,0.1524643021649009,0.3585578446909667,2,1,0.5418661559740399,4.711
0.4647271344362045,0.1865499769691386,0.2591125198098257,0,2,0.4936695393126928,5.169
0.3418900931736071,0.7305389221556887,0.2393026941362916,0,4,0.6853920629854241,7.591
0.4097737212397794,0.3735605711653616,0.4469096671949287,0,0,0.0845834663262049,0.6
0.4778474995246244,0.5900506678949793,0.3367670364500792,0,0,0.5719757421002234,4.963
0.491158014831717,0.0,0.2194928684627575,0,0,0.6535801681029897,3.926
0.3837231412816124,0.1865499769691386,0.2967511885895404,0,0,0.4394084477072029,3.219
0.3915193002471953,0.2284661446338093,0.2820919175911252,0,1,0.4196191084157889,3.1
0.7180072257083094,0.1156149239981575,0.3530110935023771,4,3,0.7806149590381956,6.483
0.3413196425175889,0.1027176416397973,0.4869255150554675,0,1,0.3765294180231939,1.352
0.2774291690435443,0.5886688162137265,0.1980982567353407,0,0,0.7998723268432814,5.361
0.4436204601635292,0.0,0.2147385103011093,1,0,0.6101712948185977,3.513
0.5841414717626925,0.0,0.3201267828843105,1,1,0.6658155122885414,5.689
0.5358433162198135,0.1027176416397973,0.48256735340729,0,0,0.5132460900095756,3.507
0.5594219433352349,0.3735605711653616,0.3217115689381933,0,0,0.656984785615491,4.38
0.5240540026621031,0.5481345002303086,0.6327258320126783,0,4,0.1623576976274071,3.689
0.4265069404829816,0.0,0.2393026941362916,0,0,0.5843174805830408,3.447
0.4514166191291119,0.4362045140488254,0.3573692551505547,0,1,0.5170762847111394,6.607
0.0872789503707928,0.0617227084292952,0.4100633914421553,0,0,0.273114161080966,1.399
0.3348545350827153,0.440350069092584,0.8767828843106181,0,0,0.3188637089052027,1.301
0.6084806997528047,0.0,0.3977812995245642,2,0,0.6961378870092563,5.678
0.4295493439817456,0.2680792261630585,0.6113312202852615,0,0,0.4715395254814343,3.046
0.0633200228180262,0.3823122984799632,0.410459587955626,0,1,0.4847324183423769,2.856
0.3957026050579958,0.1027176416397973,0.518621236133122,0,0,0.3919565911267156,1.305
0.5662673512074538,0.1027176416397973,0.3007131537242472,0,0,0.6371954463240771,4.81
0.5514356341509793,0.3274988484569323,0.437797147385103,1,3,0.4939887222044898,4.043
0.2772390188248716,0.2938737908797789,0.1723454833597464,0,0,0.4502606660283009,3.531
0.3247765734930595,0.4725932749884846,0.2749603803486529,0,1,0.578465794233429,3.895
0.2580338467389237,0.1865499769691386,0.6612519809825673,0,1,0.320991594850516,2.269
0.2698231602966343,0.1524643021649009,0.3268621236133122,1,0,0.3220555378231727,3.815
0.2698231602966343,0.6913864578535237,0.1465927099841521,0,0,0.7227364613256729,6.093
0.5843316219813653,0.0617227084292952,0.4694928684627575,0,0,0.6458133844025961,4.396
0.3162198136527857,0.4292952556425611,0.2119651347068145,0,1,0.5759123310990532,4.559
0.3441718957976801,0.3823122984799632,0.23256735340729,0,0,0.7106075114373871,4.54
0.5200608480699753,0.2782128051589129,0.4441362916006339,0,0,0.6740078731779977,5.086
0.3369461874881156,0.4283740211883925,0.2091917591125198,0,0,0.4928183849345675,4.856
0.3099448564365849,0.3509903270382312,0.1592709984152139,0,0,0.6091073518459411,3.555
0.5035177790454458,0.4219253800092123,0.5376386687797147,0,2,0.2601340568145547,2.501
0.294542688724092,0.17918010133579,0.1584786053882726,0,0,0.5146292158740292,3.751
0.3901882487164859,0.410409949332105,0.751188589540412,0,0,0.5132460900095756,3.289
0.3590036128541548,0.5112851220635652,0.5110935023771791,0,0,0.33758910522396,2.601
0.5634150979273626,0.0617227084292952,0.427892234548336,0,0,0.6641132035322908,4.305
0.2911199847879824,0.3675725472132658,0.1561014263074485,0,1,0.5255878284923928,3.328
0.4588324776573493,0.1027176416397973,0.4702852614896988,0,1,0.4602617299712735,2.369
0.5440197756227418,0.8014739751266698,0.3534072900158478,0,0,0.3734439834024896,5.466
0.4491348165050389,0.1524643021649009,0.6870047543581617,0,1,0.4097244387700819,1.885
0.5154972428218293,0.0617227084292952,0.2345483359746434,0,0,0.6680497925311204,4.65
0.1606769347784749,0.1524643021649009,0.4877179080824088,1,0,0.265772954569635,2.891
0.3498764023578627,0.1865499769691386,0.4374009508716324,2,0,0.314927119906373,3.936
0.2502376877733409,0.7894979272224781,0.6770998415213947,0,0,0.5577189062666241,5.062
0.3764974329720478,0.5923537540304008,0.349445324881141,0,0,0.4772848175337802,4.508
0.4523673702224756,0.0,0.3712361331220285,0,2,0.5570805404830301,4.075
0.3740254801293021,0.1027176416397973,0.21513470681458,0,0,0.5019682944994148,3.926
0.2686822589845978,0.410409949332105,0.1664025356576861,0,0,0.5971911905521864,4.989
0.335044685301388,0.3823122984799632,0.5150554675118858,0,0,0.5838919033939781,3.391
0.5831907206693288,0.1027176416397973,0.4080824088748018,0,0,0.5730396850728801,3.18
0.5436394751853965,0.3274988484569323,0.4714738510301109,0,3,0.4737738057240132,3.66
0.4772770488686061,0.422846614463381,0.6034072900158479,0,0,0.5229279710607512,4.116
0.3251568739304049,0.3809304467987103,0.2147385103011093,0,0,0.5450579848920097,3.991
0.4915383152690625,0.1027176416397973,0.269809825673534,0,0,0.5738908394510055,4.093
0.3534892565126449,0.3284200829111008,0.3189381933438986,1,0,0.5422917331631024,3.561
0.6501235976421373,0.2081989866421004,0.5732963549920761,0,0,0.346207043302479,3.463
0.5210115991633391,0.7130354675264856,0.4980190174326466,0,0,0.4286626236833706,6.258
0.5388857197185776,0.1865499769691386,0.4710776545166403,1,1,0.5483562081072455,5.147
0.5033276288267732,0.1524643021649009,0.3078446909667195,1,0,0.6379402064049368,3.812
0.5312797109716675,0.1027176416397973,0.350633914421553,0,0,0.6061283115225025,4.416
0.1838752614565506,0.3284200829111008,0.3145800316957211,0,0,0.4465368656240026,2.056
0.6297775242441529,0.6015660985720866,0.3993660855784469,0,1,0.8575380359612726,4.239
0.25708309564556,0.6066328880700138,0.1481774960380348,0,0,0.6916693265240983,5.93
0.2258984597832287,0.5430677107323815,0.4136291600633914,0,0,0.4756889030747952,2.838
0.4588324776573493,0.1027176416397973,0.4702852614896988,0,1,0.4602617299712735,2.271
0.2774291690435443,0.5886688162137265,0.1980982567353407,0,0,0.7998723268432814,5.815
0.4360144514166191,0.4053431598341778,0.4492868462757527,1,1,0.3905734652622619,5.244
0.3386575394561703,0.2938737908797789,0.2080031695721077,0,0,0.4878178529630812,3.521
0.6187488115611331,0.0617227084292952,0.5519017432646592,0,0,0.5730396850728801,3.861
0.3599543639475185,0.0617227084292952,0.5396196513470681,0,0,0.3437599744653686,2.283
0.5037079292641187,0.1027176416397973,0.4655309033280506,0,1,0.4978189169060539,2.94
0.2196235025670279,0.3818516812528789,0.1735340729001584,0,0,0.5737844451537398,3.731
0.3498764023578627,0.1865499769691386,0.4976228209191758,0,2,0.4013192892860943,2.495
0.4059707168663243,0.1027176416397973,0.4770206022187005,1,0,0.4200446856048516,3.825
0.6139950560943145,0.0617227084292952,0.4655309033280506,0,0,0.6795403766358125,4.822
0.4730937440578056,0.2938737908797789,0.6862123613312203,0,0,0.2071496967762528,1.102
0.4776573493059516,0.0,0.2642630744849445,0,0,0.6198531758697735,3.811
0.5103631869176649,0.2284661446338093,0.4239302694136291,0,0,0.4235556974146186,2.392
0.5999239399125309,0.0,0.2888272583201268,1,0,0.7370996914565379,5.51
0.4708119414337326,0.0617227084292952,0.4932646592709984,0,0,0.4354718587083733,2.487
0.753565316600114,0.1865499769691386,0.4207606973058636,2,1,0.9004149377593361,3.139
0.3251568739304049,0.3809304467987103,0.2147385103011093,0,0,0.5450579848920097,5.083
0.2745769157634531,0.0617227084292952,0.3395404120443739,0,0,0.3566336844345143,2.914
0.3753565316600113,0.2284661446338093,0.269809825673534,0,1,0.4873922757740185,3.537
0.4776573493059516,0.0,0.2642630744849445,0,0,0.6198531758697735,3.947
0.659440958357102,0.2671579917088899,0.3435023771790808,1,2,0.6158101925736781,5.538
0.4808899030233884,0.6356517733763243,0.332012678288431,0,0,0.4473880200021279,6.018
0.3167902643088039,0.1156149239981575,0.6141045958795562,0,0,0.1948079582934354,2.576
0.4014071116181782,0.3823122984799632,0.2575277337559429,0,0,0.6858176401744867,6.652
0.332762882677315,0.4735145094426532,0.303486529318542,0,1,0.6462389615916587,4.169
0.6727514736641947,0.696453247351451,0.2575277337559429,0,2,0.5313331205447388,5.002
0.4780376497432972,0.2782128051589129,0.445324881141046,0,0,0.6394297265666561,4.68
0.3072827533751663,0.4928604329801935,0.3276545166402536,0,0,0.4251516118736036,4.278
0.2584141471762692,0.1027176416397973,0.5035657686212361,1,0,0.328332801361847,2.65
0.5750142612664004,0.3274988484569323,0.2682250396196513,0,2,0.4926055963400362,5.472
0.3445521962350256,0.4085674804237679,0.2210776545166402,0,0,0.4928183849345675,4.119
0.5274767065982126,0.0,0.5035657686212361,0,0,0.6809235025002661,4.538
0.3565316600114089,0.1976047904191616,0.5923137876386688,0,0,0.366634748377487,2.12
0.5655067503327629,0.5490557346844772,0.4298732171156894,0,1,0.6430471326736888,5.052
0.3647081194143373,0.7305389221556887,0.206418383518225,0,0,0.8608362591765082,6.379
0.4101540216771249,0.1027176416397973,0.2393026941362916,1,0,0.5304819661666135,3.56
0.5706408062369271,0.0617227084292952,0.2916006339144215,0,0,0.5730396850728801,3.782
0.5404069214679595,0.3933671119299862,0.4286846275752772,0,0,0.5460155335674008,2.832
0.4092032705837611,0.3371718102257025,0.4306656101426308,0,0,0.4895201617193319,2.941
0.3918996006845407,0.1027176416397973,0.2206814580031695,0,0,0.5046281519310566,3.755
0.5067503327628826,0.0617227084292952,0.4449286846275752,0,0,0.5738908394510055,3.415
0.283894276478418,0.5343159834177799,0.4797939778129952,0,0,0.5132460900095756,3.13
0.3441718957976801,0.1865499769691386,0.190174326465927,0,1,0.4877114586658155,2.474
0.3884768967484313,0.4283740211883925,0.1299524564183835,0,0,0.5755931482072562,4.838
0.4090131203650883,0.4053431598341778,0.4326465927099842,0,0,0.4325992126822002,3.726
0.3647081194143373,0.0,0.206418383518225,0,0,0.5467602936482604,3.502
0.2127780946948088,0.3233532934131736,0.2713946117274168,0,0,0.1722523672731142,8.132
0.5831907206693288,0.1027176416397973,0.3874801901743265,2,2,0.5879348866900734,4.586
0.4940102681118082,0.2284661446338093,0.2242472266244057,0,1,0.6318757314607938,4.732
0.2382582239969575,0.4970059880239521,0.5316957210776545,0,0,0.5838919033939781,3.408
0.5839513215440197,0.5209580838323353,0.4706814580031696,1,2,0.5789977657197575,4.422
0.5579007415858528,0.1027176416397973,0.3779714738510301,3,2,0.5776146398553038,4.32
0.2743867655447803,0.3560571165361585,0.1493660855784469,0,1,0.5802744972869455,3.36
0.4403879064460924,0.2284661446338093,0.6774960380348652,0,0,0.2514097244387701,1.68
0.2743867655447803,0.2671579917088899,0.1620443740095087,0,0,0.4781359719119055,3.787
0.3375166381441338,0.4302164900967297,0.2329635499207606,0,1,0.6535801681029897,4.208
0.4481840654116752,0.2081989866421004,0.9120443740095088,0,0,0.4246196403872752,0.45
0.1838752614565506,0.3675725472132658,0.2761489698890649,0,0,0.3791892754548356,2.569
0.5067503327628826,0.0617227084292952,0.266244057052298,0,0,0.5453771677838067,3.806
0.4059707168663243,0.1027176416397973,0.4770206022187005,1,0,0.4200446856048516,4.423
0.5520060848069974,0.6328880700138186,0.7381141045958796,0,0,0.5249494627087988,6.083
0.2774291690435443,0.1865499769691386,0.206418383518225,4,2,0.3505692094903713,6.38
0.5314698611903403,0.1865499769691386,0.5233755942947703,0,1,0.5260134056814555,4.557
0.4793687012740064,0.5444495624136343,0.3359746434231379,0,1,0.5031386317693373,5.012
0.6567788552956837,0.3818516812528789,0.457606973058637,0,1,0.7231620385147356,5.653
0.4200418330481079,0.4274527867342239,0.3866877971473851,0,1,0.4916480476646452,6.148
0.3508271534512264,0.1027176416397973,0.2111727416798732,1,0,0.4950526651771465,3.919
0.7877923559612092,0.319207738369415,0.4057052297939778,0,2,0.8841366102776893,2.548
0.4350637003232553,0.1524643021649009,0.3633122028526148,0,0,0.376210235131397,2.961
0.2977752424415288,0.2947950253339475,0.2076069730586371,0,1,0.5304819661666135,3.615
0.3413196425175889,0.1027176416397973,0.4869255150554675,1,0,0.3765294180231939,3.654
0.2774291690435443,0.3823122984799632,0.1992868462757527,0,0,0.6768805192041707,4.263
0.2122076440387906,0.1524643021649009,0.5035657686212361,0,0,0.3160974571762954,1.777
0.3553907586993725,0.1976047904191616,0.1881933438985736,0,1,0.438450899031812,2.537
0.25708309564556,0.5186549976969138,0.1572900158478605,0,0,0.6594318544526014,4.737
0.4479939151930024,0.2579456471672041,0.305863708399366,0,1,0.4930311735290989,3.379
0.3230652215250047,0.1865499769691386,0.5305071315372425,0,0,0.2500265985743164,0.242
0.1163719338277238,0.5343159834177799,0.5221870047543582,0,0,0.4354718587083733,2.936
0.2580338467389237,0.3823122984799632,0.5408082408874801,0,0,0.5436748590275561,2.928
0.58604297394942,0.1524643021649009,0.349445324881141,0,0,0.6018725396318758,4.777
0.3918996006845407,0.1027176416397973,0.2206814580031695,0,0,0.5046281519310566,3.897
0.6347214299296444,0.1027176416397973,0.455229793977813,0,1,0.7274178104053624,5.055
0.4905875641756987,0.2938737908797789,0.1953248811410459,0,1,0.6177252899244601,4.68
0.2947328389427647,0.3035467526485491,0.1553090332805071,0,0,0.4938823279072241,3.727
0.5185396463205932,0.0,0.1870047543581616,0,0,0.6980529843600384,4.199
0.2584141471762692,0.1027176416397973,0.4092709984152139,1,0,0.328332801361847,5.259
0.397033656588705,0.1865499769691386,0.4607765451664025,0,1,0.4128098733907863,3.123
0.3475945997337897,0.2579456471672041,0.1739302694136291,0,1,0.4816469837216726,1.969
0.3445521962350256,0.4085674804237679,0.2210776545166402,0,0,0.4928183849345675,4.912
0.4588324776573493,0.1027176416397973,0.3918383518225039,0,0,0.4339823385466539,2.07
0.397033656588705,0.1865499769691386,0.5736925515055468,0,1,0.4128098733907863,3.231
0.40844266970907,0.2579456471672041,0.4710776545166403,0,2,0.352590701138419,2.758
0.4776573493059516,0.0,0.2642630744849445,0,0,0.6198531758697735,3.822
0.2490967864613044,0.5122063565177338,0.1921553090332805,0,0,0.5589956378338121,4.798
0.2774291690435443,0.1865499769691386,0.5126782884310618,1,1,0.3578040217044366,3.573
0.5499144324015973,0.1027176416397973,0.3819334389857369,0,0,0.5670816044260029,3.458
0.5215820498193573,0.0617227084292952,0.5253565768621237,0,0,0.1819342483242898,3.017
0.3475945997337897,0.2579456471672041,0.1739302694136291,1,0,0.4237684860091499,4.023
0.4459022627876021,0.1027176416397973,0.2484152139461172,0,0,0.5401638472177892,3.92
0.3167902643088039,0.1156149239981575,0.7650554675118859,0,0,0.2812001276731567,3.884
0.5447803764974329,0.0617227084292952,0.4445324881141045,0,0,0.6061283115225025,3.959
0.3713633770678836,0.2298479963150622,0.2353407290015848,0,0,0.648366847536972,3.84
0.3918996006845407,0.1027176416397973,0.2206814580031695,0,0,0.4761144802638579,2.371
0.3369461874881156,0.4283740211883925,0.2091917591125198,0,0,0.4928183849345675,5.007
0.4632059326868225,0.0617227084292952,0.375594294770206,0,0,0.4699436110224492,3.174
0.2977752424415288,0.2947950253339475,0.2076069730586371,1,0,0.5589956378338121,4.805
0.2774291690435443,0.3823122984799632,0.4195721077654517,0,1,0.5684647302904565,5.82
0.6554478037649742,0.1027176416397973,0.4655309033280506,0,0,0.742844983508884,5.219
0.4622551815934588,0.4283740211883925,0.2690174326465926,0,0,0.5943185445260135,6.236
0.4059707168663243,0.1027176416397973,0.4770206022187005,0,1,0.4200446856048516,1.999
0.2943525385054192,0.4085674804237679,0.1949286846275752,0,0,0.4552611979997872,4.084
0.302909298345693,0.2782128051589129,0.1743264659270998,0,0,0.6308117884881371,4.194
0.4858338087088799,0.6913864578535237,0.1885895404120443,0,0,0.8546653899350996,5.861
0.5934588324776572,0.319207738369415,0.3839144215530903,0,2,0.5809128630705395,4.664
0.5312797109716675,0.1027176416397973,0.2868462757527734,0,0,0.6061283115225025,4.672
0.3744057805666476,0.3809304467987103,0.2389064976228209,0,0,0.5805936801787425,4.393
0.3622361665715915,0.8447719944725934,0.3779714738510301,0,2,0.6382593892967338,8.471
0.2943525385054192,0.4085674804237679,0.1949286846275752,0,0,0.4552611979997872,4.33
0.2104962920707358,0.1976047904191616,0.7539619651347068,0,0,0.2632194914352591,1.897
0.5413576725613233,0.0,0.3878763866877971,2,2,0.6300670284072774,4.465
0.4852633580528616,0.3735605711653616,0.2896196513470681,0,0,0.5838919033939781,4.759
0.366419471382392,0.1156149239981575,0.1842313787638668,0,0,0.4855835727205022,3.112
0.5246244533181214,0.319207738369415,0.4326465927099842,0,1,0.4445153739759549,3.025
0.5632249477086898,0.1027176416397973,0.1608557844690966,0,0,0.6867751888498778,4.269
0.3445521962350256,0.4085674804237679,0.2210776545166402,0,0,0.4928183849345675,4.458
0.4459022627876021,0.1027176416397973,0.2484152139461172,0,0,0.5401638472177892,3.751
0.2774291690435443,0.1156149239981575,0.2844690966719493,0,0,0.3220555378231727,2.157
0.4487545160676935,0.1524643021649009,0.4263074484944533,1,0,0.4990956484732418,3.51
0.5154972428218293,0.6356517733763243,0.3383518225039619,0,0,0.4828173209915949,5.933
0.5841414717626925,0.0,0.3383518225039619,1,2,0.654431322481115,2.149
0.4628256322494771,0.7070474435743898,0.3684627575277338,0,1,0.4829237152888605,6.238
0.5295683590036129,0.1524643021649009,0.2781299524564184,0,1,0.5770826683689754,3.742
0.5552386385244342,0.3109166282818978,0.6782884310618067,0,0,0.5756995425045218,3.656
0.5841414717626925,0.0,0.3030903328050713,0,0,0.7782742844983509,5.68
0.5314698611903403,0.1865499769691386,0.5233755942947703,0,1,0.5260134056814555,4.208
0.5820498193572922,0.440350069092584,0.3066561014263074,0,0,0.8163634429194596,5.574
0.4852633580528616,0.3735605711653616,0.2896196513470681,0,0,0.5838919033939781,4.257
0.1448944666286366,0.1027176416397973,0.5364500792393028,1,0,0.273114161080966,3.076
0.5841414717626925,0.0,0.3201267828843105,0,1,0.6658155122885414,5.434
0.2766685681688533,0.7466605251036389,0.4417591125198097,0,0,0.5877220980955421,5.677
0.4120555238638523,0.0617227084292952,0.2194928684627575,0,0,0.4761144802638579,3.021
0.6822589845978323,0.7807461999078766,0.2737717908082409,0,0,0.5509096712416215,4.475
0.4647271344362045,0.3371718102257025,0.2087955625990491,0,0,0.739653154590914,5.643
0.2745769157634531,0.6803316444035008,0.3573692551505547,0,0,0.649962761995957,5.73
0.3498764023578627,0.1865499769691386,0.4374009508716324,0,2,0.314927119906373,2.851
0.2061228370412625,0.2897282358360203,0.4306656101426308,0,0,0.273114161080966,0.361
0.259364898269633,0.3933671119299862,0.869651347068146,0,0,0.2200234067453984,2.689
0.6959498003422704,0.2579456471672041,0.3399366085578447,2,5,0.668475369720183,6.683
0.3011979463776383,0.2938737908797789,0.1881933438985736,1,0,0.4781359719119055,4.175
0.2684921087659251,0.4550898203592814,0.1743264659270998,0,1,0.5708054048303012,2.608
0.2468149838372314,0.4735145094426532,0.1450079239302694,0,0,0.5319714863283328,5.303
0.6187488115611331,0.1156149239981575,0.3969889064976227,0,0,0.4794127034790936,3.416
0.3401787412055523,0.1524643021649009,0.1897781299524564,0,1,0.4445153739759549,2.263
0.2949229891614375,0.4251497005988024,0.268621236133122,0,0,0.3378018938184913,3.237
0.259364898269633,0.4016582220175035,0.4274960380348653,0,1,0.328332801361847,6.424
0.3918996006845407,0.1027176416397973,0.2206814580031695,0,0,0.5046281519310566,3.29
0.6092413006274956,0.3818516812528789,0.4603803486529318,0,1,0.6287902968400895,4.539
0.3713633770678836,0.2298479963150622,0.2353407290015848,0,0,0.648366847536972,4.23
0.2774291690435443,0.4500230308613542,0.1485736925515055,0,0,0.7106075114373871,4.762
0.4012169613995056,0.2579456471672041,0.2896196513470681,1,0,0.4593041812958826,4.767
0.4479939151930024,0.2579456471672041,0.305863708399366,0,1,0.5509096712416215,3.924
0.422323635672181,0.1865499769691386,0.4263074484944533,1,2,0.4687732737525268,5.105
0.2196235025670279,0.3136803316444035,0.1576862123613312,0,0,0.5552718374295138,3.696
0.5767256132344553,0.1027176416397973,0.4595879556259905,0,1,0.5670816044260029,3.662
0.5512454839323065,0.0617227084292952,0.475039619651347,0,0,0.5132460900095756,3.719
0.1762692527096406,0.1027176416397973,0.266244057052298,0,0,0.328332801361847,4.564
0.2487164860239589,0.369415016121603,0.1501584786053882,1,0,0.6046387913607831,4.227
0.5843316219813653,0.0617227084292952,0.4694928684627575,0,0,0.5487817852963082,4.396
0.2882677315078912,0.4283740211883925,0.1782884310618066,0,0,0.4552611979997872,3.666
0.4748050960258603,0.9415016121602948,0.1719492868462757,0,1,0.8294499414831366,6.113
0.1606769347784749,0.2947950253339475,0.5736925515055468,0,0,0.3437599744653686,3.203
0.4559802243772579,0.4970059880239521,0.1699683042789223,0,0,0.8890307479519098,6.882
0.4632059326868225,0.0617227084292952,0.2456418383518225,0,0,0.5401638472177892,3.22
0.3500665525765354,0.2671579917088899,0.2159270998415213,0,0,0.4878178529630812,3.766
0.4485643658490207,0.1865499769691386,0.4564183835182251,0,1,0.4529205234599425,2.84
0.6700893706027762,0.3509903270382312,0.7127575277337559,0,0,0.4386636876263433,2.618
0.4502757178170755,0.1027176416397973,0.5015847860538827,0,0,0.4354718587083733,2.217
0.4493249667237116,0.8387839705204975,0.2499999999999999,0,2,0.8887115650601128,6.897
0.2420612283704126,0.3450023030861354,0.2654516640253566,0,0,0.4655814448345569,2.99
0.4675793877162957,0.319207738369415,0.5126782884310618,2,2,0.4157889137142249,4.282
0.4204221334854535,0.0617227084292952,0.5103011093502376,0,0,0.3919565911267156,2.436
0.3413196425175889,0.1027176416397973,0.5043581616481776,0,0,0.3502500265985743,1.524
0.1842555618938961,0.1524643021649009,0.3442947702060221,1,1,0.266411320353229,2.766
0.2947328389427647,0.4016582220175035,0.1897781299524564,0,0,0.4950526651771465,4.182
0.674843126069595,0.1027176416397973,0.3375594294770206,0,0,0.7512501329928717,5.78
0.4930595170184445,0.3818516812528789,0.5071315372424722,0,1,0.4614320672411959,3.77
0.5575204411485074,0.3233532934131736,0.4429477020602218,2,1,0.6523034365358018,6.183
0.2462445331812131,0.6195301704283741,0.1533280507131537,0,0,0.6916693265240983,5.752
0.3352348355200608,0.2284661446338093,0.2179080824088747,0,0,0.5452707734865412,3.568
0.2238068073778285,0.5872869645324735,0.161648177496038,0,0,0.6376210235131398,6.72
0.6453698421753185,0.0617227084292952,0.5,0,0,0.2755612299180764,3.151
0.2112568929454268,0.1027176416397973,0.3197305863708399,0,0,0.3234386636876263,3.048
0.5067503327628826,0.0617227084292952,0.3557844690966719,0,0,0.5453771677838067,3.374
0.3386575394561703,0.2938737908797789,0.287242472266244,0,0,0.4878178529630812,2.904
0.3692717246624833,0.2782128051589129,0.4488906497622821,0,0,0.5642089583998298,3.572
0.3245864232743867,0.3735605711653616,0.1667987321711568,1,0,0.6091073518459411,5.277
0.3550104582620269,0.4016582220175035,0.4845483359746433,0,0,0.1806575167571018,2.732
0.4696710401216961,0.1156149239981575,0.3720285261489698,0,0,0.428237046494308,2.412
0.4441909108195475,0.0617227084292952,0.402931854199683,0,0,0.5453771677838067,2.647
0.2774291690435443,0.3823122984799632,0.1992868462757527,0,0,0.6768805192041707,4.552
0.8011028712683019,0.0617227084292952,0.5772583201267828,0,0,0.5427173103521652,4.77
0.4246054382962539,0.5872869645324735,0.2048335974643423,0,1,0.6870943717416748,6.564
0.3609051150408822,0.2081989866421004,0.4488906497622821,0,0,0.3325885732524737,2.115
0.4409583571021106,0.4426531552280055,0.5043581616481776,0,4,0.4981380997978509,3.152
0.4462825632249476,0.2579456471672041,0.6303486529318543,0,1,0.3640812852431109,3.496
0.4411485073207834,0.4956241363426993,0.2080031695721077,0,1,0.6598574316416641,6.077
0.3361855866134245,0.1524643021649009,0.4500792393026941,0,1,0.369188211511863,2.014
0.4401977562274197,0.2284661446338093,0.2991283676703645,0,1,0.4965421853388658,3.665
0.556949990492489,0.4477199447259328,0.2159270998415213,0,1,0.751462921587403,4.828
0.3122266590606579,0.4177798249654537,0.1881933438985736,0,0,0.6309181827854027,3.775
0.4491348165050389,0.1524643021649009,0.5748811410459588,0,0,0.3402489626556016,2.474
0.4438106103822018,0.0617227084292952,1.0,0,0,0.0,2.375
0.198897128731698,0.5057577153385537,0.537242472266244,0,0,0.2752420470262794,3.046
0.5482030804335425,0.5444495624136343,0.4865293185419969,0,0,0.5656984785615492,4.811
0.4683399885909868,0.1976047904191616,0.1917591125198098,0,0,0.5918714756889031,5.229
0.6147556569690054,0.1976047904191616,0.4659270998415215,0,1,0.5512288541334185,3.842
0.4575014261266399,0.319207738369415,0.5764659270998416,0,2,0.3905734652622619,4.016
0.2759079672941623,0.440350069092584,0.4940570522979397,0,0,0.0908607298648792,3.638
0.4972428218292451,0.2579456471672041,0.5360538827258321,0,2,0.4256835833599319,3.757
0.7349305951701844,0.1865499769691386,0.3141838351822504,1,4,0.8004042983296096,5.307
0.3957026050579958,0.1027176416397973,0.6545166402535658,0,0,0.3919565911267156,1.462
0.3498764023578627,0.1865499769691386,0.4976228209191758,1,1,0.4013192892860943,4.603
0.6885339418140332,0.3984339014279134,0.3688589540412044,0,0,0.7638046600702203,5.642
0.6446092413006276,0.4753569783509904,0.3118066561014263,1,3,0.8126396425151613,8.201
0.6324396273055712,0.1027176416397973,0.3240887480190174,1,0,0.6859240344717524,4.611
0.3508271534512264,0.0617227084292952,0.3553882725832012,0,0,0.3968507288009363,2.811
0.40844266970907,0.2579456471672041,0.4710776545166403,1,1,0.352590701138419,4.59
0.2698231602966343,0.2947950253339475,0.1751188589540412,0,0,0.5331418235982551,4.459
0.6071496482220954,0.1027176416397973,0.4572107765451663,0,1,0.6963506756037877,4.51
0.6193192622171515,0.319207738369415,0.5194136291600634,0,2,0.5530375571869349,4.713
0.2238068073778285,0.5872869645324735,0.161648177496038,0,0,0.6376210235131398,6.784
0.2709640616086708,0.6259788116075542,0.7436608557844692,1,1,0.4394084477072029,4.796
0.4502757178170755,0.1027176416397973,0.6121236133122028,0,0,0.4354718587083733,2.107
0.6408062369271724,0.0617227084292952,0.4623613312202851,0,0,0.7117778487073093,5.18
0.301388096596311,0.4951635191156149,0.1937400950871632,0,0,0.5201617193318437,5.303
0.4962920707358814,0.2238599723629664,0.4041204437400951,0,0,0.5838919033939781,5.47
0.2460543829625404,0.0617227084292952,0.3462757527733756,0,0,0.3234386636876263,2.505
0.2215250047537554,0.5568862275449102,0.3835182250396197,0,0,0.2225768698797744,3.828
0.5831907206693288,0.1027176416397973,0.4175911251980982,2,1,0.5879348866900734,3.84
0.4055904164289788,0.319207738369415,0.2753565768621236,0,1,0.4597297584849452,3.603
0.294542688724092,0.2680792261630585,0.1755150554675118,0,0,0.5331418235982551,4.353
0.5122646891043924,0.1027176416397973,0.4124405705229794,1,2,0.5218640280880945,3.168
0.2977752424415288,0.2118839244587748,0.1557052297939778,1,0,0.5415469730822429,4.96
0.4540787221905304,0.586365730078305,0.2916006339144215,0,0,0.6186828385998511,5.393
0.4632059326868225,0.0617227084292952,0.2456418383518225,0,0,0.5401638472177892,3.651
0.4341129492298916,0.8162137263933672,0.3783676703645007,0,4,0.6377274178104054,5.383
0.4504658680357482,0.1865499769691386,0.3205229793977813,1,0,0.4990956484732418,3.733
0.5215820498193573,0.1027176416397973,0.349445324881141,1,2,0.5139908500904351,2.737
0.2774291690435443,0.3823122984799632,0.4195721077654517,1,0,0.5684647302904565,4.184
0.3251568739304049,0.1524643021649009,0.5301109350237718,0,0,0.2500265985743164,1.474
0.3287697280851872,0.7337632427452787,0.3783676703645007,0,0,0.6600702202361953,6.023
0.2696330100779615,0.4970059880239521,0.19770206022187,0,0,0.7391211831045855,4.89
0.4280281422323636,0.1027176416397973,0.2171156893819334,3,0,0.5266517714650495,4.59
0.3569119604487545,0.1027176416397973,0.3363708399366086,0,0,0.4200446856048516,1.408
0.3749762312226658,0.6734223859972364,0.1719492868462757,0,0,0.8607298648792425,5.985
0.5911770298535843,0.1865499769691386,0.2076069730586371,0,0,0.658580700074476,4.691
0.5088419851682829,0.4919391985260249,0.2087955625990491,0,0,0.5768698797744441,3.327
0.3835329910629397,0.4550898203592814,0.3288431061806656,0,1,0.6341100117033728,4.404
0.5210115991633391,0.0,0.2832805071315372,0,0,0.6535801681029897,4.192
0.366419471382392,0.1156149239981575,0.3530110935023771,0,0,0.355144164272795,1.749
0.5413576725613233,0.0617227084292952,0.2670364500792393,1,0,0.6595382487498671,7.809
0.422323635672181,0.1156149239981575,0.544770206022187,0,0,0.4555803808915842,2.983
0.4462825632249476,0.2579456471672041,0.5487321711568938,0,0,0.2946058091286307,0.898
0.5594219433352349,0.3735605711653616,0.3141838351822504,0,0,0.656984785615491,5.115
0.5611332953032895,0.3878397052049747,0.5110935023771791,0,2,0.4835620810724546,5.184
0.2580338467389237,0.1865499769691386,0.4790015847860539,0,1,0.320991594850516,1.307
0.2686822589845978,0.410409949332105,0.1664025356576861,0,0,0.5971911905521864,4.332
0.3989351587754325,0.1524643021649009,0.2198890649762281,0,1,0.4653686562400255,2.55
0.5175888952272294,0.1027176416397973,0.1794770206022186,0,1,0.6884774976061284,4.108
0.2580338467389237,0.4500230308613542,0.3692551505546751,0,0,0.5838919033939781,5.052
0.4299296444190911,0.5126669737448181,0.3125990491283676,0,1,0.6182572614107884,4.141
0.5116942384483741,0.620912022109627,0.3692551505546751,0,0,0.5079263751462922,3.852
0.5824301197946377,0.3818516812528789,0.4619651347068145,0,1,0.6453878072135334,4.732
0.1467959688153641,0.4970059880239521,0.5828050713153724,0,0,0.5436748590275561,3.402
0.3822019395322304,0.1524643021649009,0.4698890649762282,0,1,0.369188211511863,2.895
0.2894086328199277,0.7305389221556887,0.6354992076069731,0,0,0.656984785615491,5.242
0.6754135767256133,0.4758175955780746,0.2246434231378763,0,1,0.7585913395042028,9.354
0.6598212587944475,0.1027176416397973,0.4540412044374009,0,1,0.7573146079370147,5.194
0.4852633580528616,0.3735605711653616,0.2991283676703645,0,0,0.5838919033939781,3.397
0.4544590226278759,0.7535697835099033,0.2373217115689382,0,2,0.78050856474093,8.433
0.5655067503327629,0.1524643021649009,0.6089540412044374,0,1,0.4733482285349505,2.67
0.3375166381441338,0.4302164900967297,0.2329635499207606,0,1,0.6250664964357912,4.208
0.556949990492489,0.2782128051589129,0.4433438985736924,0,0,0.8040217044366423,5.363
0.4445712112568929,0.7752187931828651,0.1497622820919175,0,0,0.8179593573784446,7.287
0.3553907586993725,0.3519115614923998,0.304675118858954,0,1,0.5854878178529631,4.191
0.4120555238638523,0.0617227084292952,0.366877971473851,0,0,0.4344079157357166,2.413
0.4381061038220194,0.4477199447259328,0.3403328050713153,0,2,0.5251622513033302,4.565
0.5991633390378398,0.319207738369415,0.4877179080824088,2,2,0.5427173103521652,5.522
0.2713443620460163,0.3809304467987103,0.1838351822503962,0,0,0.5075007979572295,4.239
0.3529188058566267,0.2579456471672041,0.4778129952456418,1,1,0.312373656771997,4.384
0.4529378208784939,0.3509903270382312,0.3415213946117274,0,2,0.5192041706564529,4.369
0.3553907586993725,0.2284661446338093,0.43026941362916,0,1,0.3285455899563784,3.03
0.6953793496862521,0.0,0.3205229793977813,0,1,0.8109373337589106,4.302
0.4647271344362045,0.1524643021649009,0.243660855784469,0,1,0.5240983083306735,3.25
0.6157064080623691,0.2579456471672041,0.3973851030110935,1,0,0.5887860410681988,4.947
0.335044685301388,0.1865499769691386,0.6172741679873216,0,0,0.2565166507075221,0.931
0.5067503327628826,0.0617227084292952,0.3557844690966719,0,0,0.5738908394510055,3.436
0.3957026050579958,0.1027176416397973,0.518621236133122,0,0,0.3919565911267156,1.063
0.5944095835710211,0.0617227084292952,0.2115689381933439,0,0,0.7381636344291947,6.038
0.5887050770108385,0.4219253800092123,0.1909667194928684,0,6,0.6172997127353974,4.818
0.5873740254801292,0.0,0.225039619651347,0,0,0.7568890307479521,4.425
0.6484122456740825,0.440350069092584,0.599445324881141,0,0,0.6509203106713481,4.448
0.5586613424605438,0.0,0.2987321711568937,0,0,0.6858176401744867,4.829
0.3352348355200608,0.2284661446338093,0.2179080824088747,0,0,0.5452707734865412,3.66
0.6499334474234645,0.0617227084292952,0.43026941362916,0,0,0.7573146079370147,5.63
0.2991062939722381,0.1865499769691386,0.3197305863708399,0,0,0.2732205553782317,2.286
0.3500665525765354,0.2671579917088899,0.2159270998415213,0,0,0.4878178529630812,3.242
0.6124738543449325,0.319207738369415,0.2305863708399366,0,2,0.7997659325460156,6.6
0.2181023008176459,0.6061722708429296,0.268621236133122,0,1,0.4258963719544633,3.35
0.5295683590036129,0.1524643021649009,0.427892234548336,1,0,0.5624002553463134,3.87
0.4915383152690625,0.0617227084292952,0.1897781299524564,0,0,0.6110224491967231,5.292
0.4930595170184445,0.1865499769691386,0.2991283676703645,1,0,0.5313331205447388,3.835
0.2987259935348925,0.6969138645785352,0.6664025356576861,0,0,0.3588679646770933,4.513
0.3011979463776383,0.2938737908797789,0.1881933438985736,1,0,0.4781359719119055,4.416
0.5177790454459023,0.4302164900967297,0.1953248811410459,0,0,0.7788062559846793,5.264
0.6828294352538505,0.1027176416397973,0.4524564183835182,0,1,0.786253856793276,5.741
0.3500665525765354,0.2671579917088899,0.2159270998415213,0,0,0.4878178529630812,3.345
0.5655067503327629,0.1865499769691386,0.4496830427892234,0,1,0.6567719970209598,3.182
0.5710211066742726,0.3353293413173653,0.679080824088748,0,3,0.5502713054580275,2.964
0.4962920707358814,0.2238599723629664,0.3751980982567353,0,0,0.5838919033939781,3.736
0.3915193002471953,0.2284661446338093,0.3102218700475436,0,1,0.4196191084157889,2.126
0.25708309564556,0.5186549976969138,0.1572900158478605,0,0,0.6594318544526014,5.001
0.3287697280851872,0.1027176416397973,0.5475435816164819,0,0,0.3437599744653686,1.121
0.4398174557900741,0.1156149239981575,0.6192551505546752,0,0,0.3001383125864453,1.651
0.4124358243011978,0.319207738369415,0.4096671949286845,0,2,0.3530162783274816,3.178
0.2599353489256512,0.2947950253339475,0.527337559429477,0,0,0.3919565911267156,2.072
0.302909298345693,0.2298479963150622,0.2024564183835182,0,0,0.6128311522502394,3.645
0.4438106103822018,0.2998618148318747,0.1525356576862123,0,0,0.754016384721779,5.262
0.2882677315078912,0.4283740211883925,0.1782884310618066,0,0,0.4552611979997872,4.739
0.5358433162198135,0.1027176416397973,0.48256735340729,0,0,0.5132460900095756,2.853
0.3799201369081574,0.1156149239981575,0.5412044374009509,0,0,0.2500265985743164,1.795
0.294542688724092,0.312759097190235,0.1458003169572107,0,0,0.5511224598361528,3.559
0.3873359954363947,0.2579456471672041,0.6216323296354992,0,0,0.2092775827215661,0.15
0.3576725613234455,0.4362045140488254,0.2595087163232963,1,0,0.4834556867751888,3.588
0.2258984597832287,0.4914785812989406,0.3359746434231379,0,0,0.4756889030747952,3.487
0.3375166381441338,0.5578074619990788,0.7361331220285262,0,0,0.4558995637833812,4.305
0.4090131203650883,0.3823122984799632,0.3922345483359746,0,0,0.6152782210873498,3.92
0.8539646320593269,0.0617227084292952,0.5526941362916007,0,0,0.6385785721885308,6.04
0.3713633770678836,0.2298479963150622,0.2353407290015848,0,0,0.6198531758697735,4.402
0.5985928883818216,0.8406264394288346,0.3783676703645007,0,0,0.2589637195446324,4.691
0.674843126069595,0.1027176416397973,0.3375594294770206,0,0,0.8482817320991597,5.896
0.3122266590606579,0.4177798249654537,0.1881933438985736,0,0,0.6309181827854027,3.782
0.3245864232743867,0.5343159834177799,0.2309825673534072,0,1,0.7130545802744973,5.048
0.6605818596691386,0.0617227084292952,0.3264659270998415,0,0,0.8210447919991489,6.233
0.4487545160676935,0.1524643021649009,0.243660855784469,0,1,0.4990956484732418,3.009
0.4761361475565696,0.0617227084292952,0.3141838351822504,1,0,0.5643153526970955,3.569
0.3740254801293021,0.1027176416397973,0.3573692551505547,0,0,0.407170975635706,3.131
0.5984027381631489,0.1524643021649009,0.328446909667195,0,1,0.6627300776678371,3.698
0.5069404829815555,0.1865499769691386,0.2246434231378763,1,0,0.6232577933822748,4.632
0.4164289788933257,0.4481805619530171,0.5713153724247227,0,2,0.4261091605489946,5.311
0.3643278189769918,0.3509903270382312,0.2805071315372425,0,1,0.5162251303330142,3.882
0.2312226659060657,0.3274988484569323,0.303486529318542,0,0,0.3708905202681136,2.924
0.5976421372884578,0.4721326577614003,0.261093502377179,0,2,0.3297159272263006,3.838
0.3808708880015212,0.2284661446338093,0.6541204437400951,0,0,0.2092775827215661,1.842
0.0811941433732648,0.5693228926761861,0.4219492868462757,0,1,0.4128098733907863,1.911
0.5035177790454458,0.1027176416397973,0.1596671949286846,0,0,0.6395361208639216,4.507
0.2122076440387906,0.262551819438047,0.313391442155309,1,0,0.5231407596552825,6.064
0.5655067503327629,0.1524643021649009,0.6089540412044374,1,0,0.5165443132248112,3.246
0.4691005894656778,0.1027176416397973,0.3157686212361331,0,0,0.4715395254814343,2.692
0.4962920707358814,0.1027176416397973,0.490095087163233,0,0,0.4756889030747952,2.98
0.5137858908537745,0.0617227084292952,0.48256735340729,0,0,0.4756889030747952,3.252
0.3287697280851872,0.1027176416397973,0.5475435816164819,0,0,0.3437599744653686,0.778
0.2698231602966343,0.2947950253339475,0.1751188589540412,0,0,0.5331418235982551,3.995
0.5151169423844837,0.5886688162137265,0.2056259904912837,0,0,0.9381849132886476,4.862
0.3658490207263738,0.1524643021649009,0.4885103011093503,0,0,0.3998297691243749,2.395
0.6807377828484502,0.2671579917088899,0.3819334389857369,2,1,0.6326204915416535,5.066
0.3011979463776383,0.6913864578535237,0.3173534072900159,0,0,0.7526332588573253,5.632
0.2392089750903213,0.6070935052970982,0.0788431061806655,0,0,0.7073092882221513,4.705
0.4204221334854535,0.0617227084292952,0.6759112519809826,0,0,0.3919565911267156,1.932
0.4761361475565696,0.0617227084292952,0.243660855784469,0,0,0.5394190871369295,3.984
0.3251568739304049,0.3809304467987103,0.2147385103011093,0,0,0.5450579848920097,5.146
0.5424985738733599,0.1027176416397973,0.4619651347068145,0,1,0.5333546121927865,3.446
0.5312797109716675,0.1027176416397973,0.2868462757527734,0,0,0.6061283115225025,4.463
0.2696330100779615,0.4970059880239521,0.19770206022187,0,0,0.7391211831045855,4.79
0.2743867655447803,0.2671579917088899,0.1620443740095087,0,0,0.4781359719119055,3.391
0.3188819167142042,0.2680792261630585,0.4730586370839936,0,0,0.4629215874029152,3.109
0.3837231412816124,0.1865499769691386,0.2967511885895404,0,0,0.4394084477072029,3.11
0.3721239779425746,0.7466605251036389,0.4381933438985736,0,0,0.648686030428769,6.314
0.3230652215250047,0.1865499769691386,0.875594294770206,0,0,0.293222683264177,1.037
0.5027571781707549,0.2579456471672041,0.2103803486529318,0,1,0.6750718161506544,5.276
0.4012169613995056,0.2579456471672041,0.2896196513470681,1,0,0.404936695393127,3.118
0.5158775432591747,0.8056195301704285,0.2927892234548336,0,1,0.6584743057772104,4.951
0.3428408442669709,0.661906955320129,0.3763866877971474,2,2,0.5005851686349613,6.351
0.5027571781707549,0.4477199447259328,0.7179080824088749,0,3,0.2892860942653474,4.244
0.4459022627876021,0.1027176416397973,0.144215530903328,0,0,0.5874029152037451,4.538
0.2534702414907777,0.319207738369415,0.2900158478605388,2,2,0.2589637195446324,4.366
0.2947328389427647,0.3519115614923998,0.1834389857369255,1,0,0.5482498138099798,5.308
0.3339037839893515,0.437125748502994,0.2987321711568937,0,0,0.5132460900095756,2.44
0.4588324776573493,0.1027176416397973,0.4702852614896988,0,1,0.4602617299712735,3.061
0.2468149838372314,0.1865499769691386,0.3062599049128368,1,0,0.2914139802106607,3.66
0.609811751283514,0.2938737908797789,0.3787638668779715,4,1,0.5808064687732738,4.561
0.3217341699942954,0.1865499769691386,0.1656101426307448,0,0,0.4018512607724226,6.4
0.2432021296824491,0.1027176416397973,0.6073692551505546,0,0,0.2885413341844877,0.534
0.3361855866134245,0.5126669737448181,0.2824881141045958,0,1,0.5572933290775615,2.839
0.5721620079863092,0.1865499769691386,0.4469096671949287,0,1,0.5503776997552932,3.976
0.4883057615516257,0.5209580838323353,0.2377179080824088,0,0,0.5965528247685924,5.354
0.2686822589845978,0.410409949332105,0.1664025356576861,0,0,0.5971911905521864,4.62
0.3251568739304049,0.5886688162137265,0.2290015847860538,0,0,0.8024257899776572,5.372
0.3359954363947519,0.5389221556886228,0.2377179080824088,1,0,0.4548356208107246,3.575
0.5535272865563794,0.2284661446338093,0.4001584786053881,0,1,0.5612299180763912,4.32
0.5841414717626925,0.0,0.3383518225039619,2,2,0.654431322481115,4.638
0.3918996006845407,0.0617227084292952,0.2087955625990491,0,0,0.5304819661666135,3.42
0.335044685301388,0.1865499769691386,0.6065768621236134,0,1,0.369188211511863,2.583
0.1467959688153641,0.4970059880239521,0.5828050713153724,0,0,0.5436748590275561,3.213
0.2926411865373645,0.5988023952095809,0.3819334389857369,0,0,0.5591020321310778,4.739
0.0566647651644799,0.3371718102257025,0.3815372424722662,0,1,0.3531226726247473,3.481
0.5314698611903403,0.1865499769691386,0.5233755942947703,0,1,0.5260134056814555,4.097
0.2599353489256512,0.1524643021649009,0.4611727416798732,0,1,0.320991594850516,2.117
0.2392089750903213,0.5343159834177799,0.160459587955626,0,0,0.6594318544526014,4.499
0.2943525385054192,0.4085674804237679,0.1949286846275752,0,0,0.4552611979997872,3.932
0.2774291690435443,0.1156149239981575,0.5241679873217115,0,0,0.3160974571762954,2.458
0.4915383152690625,0.1027176416397973,0.269809825673534,0,0,0.5738908394510055,4.22
0.6738923749762312,0.4292952556425611,0.2571315372424722,0,1,0.8209383977018831,8.916
0.3441718957976801,0.1865499769691386,0.190174326465927,1,0,0.4842004468560485,4.725
0.1901502186727514,0.5886688162137265,0.4374009508716324,0,2,0.5684647302904565,3.955
0.1627685871838752,0.4735145094426532,0.4421553090332805,0,1,0.4128098733907863,2.693
0.7022247575584712,0.1865499769691386,0.3296354992076069,1,2,0.7574210022342803,6.665
0.46510743487355,0.7337632427452787,0.365689381933439,1,1,0.7364613256729441,6.143
0.2658300057045065,0.4891754951635191,0.1806656101426307,0,0,0.5688903074795191,4.399
0.5107434873550104,0.1865499769691386,0.4049128367670364,1,1,0.5066496435791041,5.018
0.4599733789693857,0.4366651312759097,0.1406497622820919,0,0,0.6883711033088626,5.107
0.4932496672371173,0.1524643021649009,0.6541204437400951,0,1,0.4041919353122672,4.182
0.4204221334854535,0.0617227084292952,0.5103011093502376,0,0,0.3919565911267156,2.425
0.397033656588705,0.3823122984799632,0.4992076069730585,0,0,0.6214490903287584,3.746
0.4806997528047156,0.2284661446338093,0.2919968304278922,0,1,0.5432492818384935,4.446
0.4272675413576725,0.3675725472132658,0.2293977812995245,0,1,0.5957016703904672,4.109
0.2684921087659251,0.4550898203592814,0.1743264659270998,0,1,0.5708054048303012,3.298
0.5158775432591747,0.4025794564716721,0.2008716323296355,0,1,0.6456005958080647,5.278
0.4485643658490207,0.1865499769691386,0.5511093502377179,0,1,0.4529205234599425,3.81
0.4740444951511695,0.4735145094426532,0.1636291600633914,0,0,0.7156080434088733,5.939
0.2759079672941623,0.440350069092584,0.8490491283676704,0,0,0.2636450686243217,3.845
0.3099448564365849,0.3509903270382312,0.1592709984152139,0,0,0.6091073518459411,3.608
0.5841414717626925,0.0,0.1204437400950871,0,0,0.8132780082987553,7.346
0.6396653356151359,0.5126669737448181,0.2812995245641839,1,2,0.7940206404936695,7.64
0.2582239969575964,0.4292952556425611,0.18026941362916,1,0,0.5421853388658369,4.672
0.4588324776573493,0.1027176416397973,0.4223454833597463,2,0,0.4602617299712735,2.494
0.3713633770678836,0.1326577614002763,0.1755150554675118,0,0,0.6308117884881371,3.753
0.2795208214489446,0.1027176416397973,0.3102218700475436,0,0,0.3765294180231939,3.288
0.5489636813082334,0.2897282358360203,0.2175118858954041,0,0,0.6595382487498671,3.459
0.6432781897699182,0.319207738369415,0.3902535657686212,0,2,0.6917757208213641,5.367
0.5206312987259935,0.1156149239981575,0.4611727416798732,0,0,0.4421746994361102,4.132
0.4441909108195475,0.0617227084292952,0.2519809825673534,0,0,0.5358016810298968,4.171
0.7166761741776003,0.3519115614923998,0.3292393026941363,0,1,0.8662623683370572,5.412
0.3196425175888951,0.3509903270382312,0.1798732171156893,0,0,0.5857006064474944,3.769
0.4523673702224756,0.0,0.3712361331220285,4,0,0.5570805404830301,3.614
0.5961209355390757,0.1865499769691386,0.4480982567353406,1,0,0.5056920949037133,3.7
0.4630157824681497,0.319207738369415,0.3645007923930269,0,2,0.5201617193318437,3.451
0.6653356151359575,0.0617227084292952,0.4595879556259905,0,0,0.742844983508884,5.912
0.5708309564555999,0.1027176416397973,0.4766244057052297,0,0,0.6458133844025961,3.984
0.5594219433352349,0.3735605711653616,0.3217115689381933,0,0,0.656984785615491,4.469
0.5447803764974329,0.0617227084292952,0.2828843106180665,0,0,0.6061283115225025,4.165
0.4563605248146036,0.5923537540304008,0.3617274167987321,0,0,0.5433556761357591,5.318
0.3401787412055523,0.1524643021649009,0.341917591125198,0,1,0.359612724757953,2.858
0.5719718577676364,0.5122063565177338,0.3637083993660855,0,1,0.6764549420151081,4.706
0.2977752424415288,0.262551819438047,0.1929477020602218,0,0,0.4665389935099479,3.325
0.684730937440578,0.4219253800092123,0.3145800316957211,0,2,0.5128205128205129,7.849
0.4101540216771249,0.1027176416397973,0.2595087163232963,0,0,0.4699436110224492,4.05
0.7531850161627686,0.5568862275449102,0.6228209191759113,0,0,0.5661240557506118,4.551
0.294542688724092,0.2680792261630585,0.1755150554675118,0,0,0.5331418235982551,3.979
0.3647081194143373,0.7305389221556887,0.3787638668779715,0,0,0.7422066177252898,6.551
0.6174177600304239,0.2579456471672041,0.4916798732171157,0,1,0.6311309713799341,3.926
0.4816505038980795,0.7052049746660525,0.2626782884310618,0,0,0.6354931375678264,6.16
0.4930595170184445,0.1156149239981575,0.3530110935023771,0,1,0.5189913820619215,2.745
0.5280471572542308,0.4053431598341778,0.4239302694136291,0,3,0.5143100329822322,4.004
0.4575014261266399,0.6877015200368495,0.3498415213946116,0,0,0.7044366421959785,6.645
0.5436394751853965,0.3274988484569323,0.4754358161648178,0,3,0.3873816363442919,3.423
0.4930595170184445,0.3735605711653616,0.1212361331220285,0,0,0.7762527928503032,6.298
0.530899410534322,0.6771073238139107,0.4306656101426308,0,2,0.3590807532716247,4.486
0.4485643658490207,0.1156149239981575,0.7004754358161649,0,0,0.3402489626556016,1.812
0.4679596881536414,0.3284200829111008,0.1588748019017432,0,1,0.734227045430365,5.039
0.4930595170184445,0.1865499769691386,0.2080031695721077,0,0,0.6028300883072668,4.578
0.4588324776573493,0.1027176416397973,0.4702852614896988,1,0,0.4602617299712735,3.727
0.2713443620460163,0.3809304467987103,0.1838351822503962,0,0,0.5075007979572295,5.39
0.5674082525194903,0.5301704283740213,0.2040412044374009,0,2,0.5492073624853708,4.54
0.5548583380870888,0.1524643021649009,0.4338351822503962,0,0,0.5434620704330249,3.53
0.3160296634341129,0.3274988484569323,0.1870047543581616,0,1,0.4375997446536865,3.097
0.3799201369081574,0.1156149239981575,0.5412044374009509,0,0,0.2500265985743164,1.817
0.5594219433352349,0.3735605711653616,0.3217115689381933,0,0,0.656984785615491,4.247
0.5320403118463586,0.0,0.2246434231378763,4,0,0.654431322481115,3.407
0.4498954173797299,0.319207738369415,0.3629160063391442,1,0,0.4355782530056388,4.832
0.3609051150408822,0.319207738369415,0.6303486529318543,0,2,0.3129056282583253,4.031
0.4181403308613804,0.1027176416397973,0.3534072900158478,0,0,0.4602617299712735,1.906
0.3401787412055523,0.2947950253339475,0.2143423137876386,0,0,0.5686775188849877,4.286
0.5154972428218293,0.6356517733763243,0.3383518225039619,0,0,0.4828173209915949,4.854
0.7349305951701844,0.1865499769691386,0.3141838351822504,2,3,0.8004042983296096,5.104
0.4459022627876021,0.1027176416397973,0.2484152139461172,0,0,0.5401638472177892,3.857
0.4586423274386765,0.1976047904191616,0.688985736925515,0,0,0.2514097244387701,1.308
0.3251568739304049,0.3809304467987103,0.2147385103011093,0,0,0.5450579848920097,3.759
0.4708119414337326,0.0617227084292952,0.4932646592709984,0,0,0.4354718587083733,2.692
0.6139950560943145,0.0617227084292952,0.6291600633914421,0,0,0.5825087775295245,3.45
0.25708309564556,0.5186549976969138,0.1572900158478605,0,0,0.6594318544526014,4.73
0.4696710401216961,0.1865499769691386,0.3629160063391442,0,2,0.3865304819661666,1.086
0.4645369842175317,0.0,0.2706022187004754,2,0,0.5643153526970955,3.974
0.6432781897699182,0.319207738369415,0.3902535657686212,0,2,0.6917757208213641,5.49
0.5063700323255372,0.2579456471672041,0.4591917591125197,0,2,0.417704011065007,3.691
0.5265259555048488,0.1524643021649009,0.2198890649762281,0,0,0.6032556654963295,4.338
0.4173797299866895,0.7093505297098113,0.3288431061806656,0,0,0.7213533354612193,6.171
0.6263548203080432,0.1865499769691386,0.2721870047543581,1,0,0.731035216512395,5.842
0.5554287887431071,0.1156149239981575,0.4397781299524563,0,0,0.4732418342376849,3.57
0.2698231602966343,0.7761400276370337,0.0,0,0,0.7956165549526546,6.72
0.259364898269633,0.2284661446338093,0.6164817749603804,0,1,0.2320459623364188,1.231
0.3867655447803764,0.1865499769691386,0.6366877971473852,0,0,0.2982232152356633,0.533
0.4588324776573493,0.1865499769691386,0.4805863708399366,1,1,0.4790935205872966,4.786
0.4892565126449896,0.319207738369415,0.4322503961965135,1,0,0.4134482391743803,3.598
0.2977752424415288,0.4928604329801935,0.1763074484944532,1,0,0.6661346951803383,5.251
0.5037079292641187,0.1027176416397973,0.4655309033280506,0,1,0.4978189169060539,2.856
0.1583951321544019,0.1865499769691386,0.5043581616481776,0,1,0.265772954569635,2.661
0.4198516828294352,0.2680792261630585,0.758716323296355,0,0,0.4756889030747952,3.075
0.2951131393801102,0.2782128051589129,0.4520602218700475,0,0,0.5223959995744228,3.262
0.4092032705837611,0.1524643021649009,0.3466719492868462,0,1,0.4112139589318013,2.736
0.5037079292641187,0.1027176416397973,0.4655309033280506,1,0,0.4978189169060539,3.979
0.5708309564555999,0.1027176416397973,0.4766244057052297,0,0,0.5487817852963082,3.665
0.5077010838562463,0.6646706586826349,0.2048335974643423,0,0,0.9628683902542824,7.429
0.3112759079672941,0.4735145094426532,0.2884310618066561,0,0,0.5656984785615492,4.635
0.3397984407682068,0.4951635191156149,0.2198890649762281,0,0,0.5578253005638899,4.96
0.5767256132344553,0.1027176416397973,0.4595879556259905,0,1,0.6641132035322908,3.971
0.4014071116181782,0.1865499769691386,0.3066561014263074,1,0,0.4653686562400255,2.93
0.2772390188248716,0.2938737908797789,0.1723454833597464,0,0,0.4502606660283009,2.939
0.2774291690435443,0.4500230308613542,0.1485736925515055,0,0,0.7106075114373871,5.284
0.6432781897699182,0.319207738369415,0.3902535657686212,0,2,0.6917757208213641,5.667
0.6255942194333524,0.1027176416397973,0.3458795562599048,2,3,0.6258112565166507,4.577
0.2795208214489446,0.1027176416397973,0.3102218700475436,0,0,0.3765294180231939,3.841
0.3162198136527857,0.2671579917088899,0.5467511885895404,0,2,0.2280029790403234,0.89
0.5424985738733599,0.1027176416397973,0.4730586370839936,0,0,0.5070752207681669,2.883
0.4691005894656778,0.1027176416397973,0.365689381933439,0,0,0.4978189169060539,4.804
0.4588324776573493,0.3809304467987103,0.2706022187004754,2,0,0.4297265666560272,5.478
0.4962920707358814,0.1027176416397973,0.490095087163233,0,0,0.4756889030747952,2.182
0.4909678646130442,0.9539382772915708,0.3688589540412044,0,0,0.726885838919034,6.446
0.5069404829815555,0.1865499769691386,0.2246434231378763,1,0,0.6232577933822748,5.63
0.5675984027381632,0.4016582220175035,0.1866085578446909,2,3,0.7306096393233323,4.04
0.5586613424605438,0.0,0.2987321711568937,0,0,0.6858176401744867,4.51
0.4479939151930024,0.2579456471672041,0.305863708399366,1,0,0.4386636876263433,3.278
0.361855866134246,0.4735145094426532,0.6897781299524565,0,0,0.4628151931056495,2.973
0.3500665525765354,0.2671579917088899,0.2159270998415213,0,0,0.4878178529630812,3.799
0.2686822589845978,0.4758175955780746,0.2004754358161648,0,0,0.6427279497818917,3.693
0.5265259555048488,0.5642561031782589,0.5717115689381934,0,0,0.5253750398978615,5.087
0.2848450275717817,0.0617227084292952,0.6006339144215531,0,0,0.2885413341844877,2.3
0.5579007415858528,0.1027176416397973,0.3399366085578447,0,1,0.5576125119693585,3.141
0.2462445331812131,0.6195301704283741,0.1533280507131537,0,0,0.6916693265240983,5.348
0.5343221144704315,0.319207738369415,0.375594294770206,0,2,0.5810192573678051,4.116
0.4181403308613804,0.1027176416397973,0.3712361331220285,0,1,0.4185551654431323,2.27
0.4708119414337326,0.0617227084292952,0.4932646592709984,0,0,0.4354718587083733,2.264
0.4124358243011978,0.856748042376785,0.2575277337559429,0,2,0.78050856474093,8.207
0.2894086328199277,0.2671579917088899,0.1850237717908082,0,0,0.4502606660283009,3.115
0.422323635672181,0.1156149239981575,0.2171156893819334,0,0,0.4394084477072029,1.935
0.4632059326868225,0.0617227084292952,0.2456418383518225,0,0,0.5401638472177892,3.21
0.4852633580528616,0.1865499769691386,0.4790015847860539,0,0,0.381955527183743,1.088
0.2196235025670279,0.3818516812528789,0.1735340729001584,0,0,0.5737844451537398,3.933
0.3915193002471953,0.2284661446338093,0.3102218700475436,0,1,0.4196191084157889,2.269
0.6476516447993916,0.319207738369415,0.3070522979397781,0,2,0.7421002234280243,5.224
0.2713443620460163,0.3809304467987103,0.1838351822503962,0,0,0.5075007979572295,5.449
0.61437535653166,0.4085674804237679,0.4175911251980982,0,0,0.7394403659963826,5.999
0.6761741776003042,0.2938737908797789,0.2856576862123613,0,1,0.6852856686881583,8.169
0.4738543449324966,0.4444956241363427,0.4706814580031696,0,2,0.4261091605489946,3.77
0.4962920707358814,0.1027176416397973,0.5835974643423137,0,0,0.4756889030747952,2.085
0.7914052101159915,0.1524643021649009,0.4457210776545166,4,4,0.7930630918182787,6.347
0.2462445331812131,0.6195301704283741,0.1533280507131537,0,0,0.6916693265240983,5.352
0.4915383152690625,0.2298479963150622,0.1727416798732171,0,0,0.776678370039366,4.674
0.3949420041833048,0.2284661446338093,0.1414421553090332,0,0,0.627939142461964,4.284
0.5466818786841604,0.6356517733763243,0.3438985736925515,0,0,0.5165443132248112,6.284
0.4120555238638523,0.0617227084292952,0.3332012678288431,0,0,0.5046281519310566,3.03
0.4601635291880585,0.1027176416397973,0.2234548335974643,1,0,0.5643153526970955,3.979
0.3614755656969005,0.2680792261630585,0.2119651347068145,0,0,0.5686775188849877,3.594
0.4164289788933257,0.6545370796867803,0.7472266244057053,0,0,0.5576125119693585,4.295
0.5708309564555999,0.1027176416397973,0.5475435816164819,0,0,0.5487817852963082,3.604
0.6299676744628255,0.1027176416397973,0.4683042789223454,0,0,0.7117778487073093,4.819
0.4120555238638523,0.0617227084292952,0.2194928684627575,0,0,0.5046281519310566,3.12
0.4063510173036698,0.5112851220635652,0.0879556259904912,0,6,0.4469624428130652,6.254
0.3352348355200608,0.2284661446338093,0.1794770206022186,0,1,0.438450899031812,3.133
0.4504658680357482,0.1865499769691386,0.3205229793977813,0,1,0.5569741461857645,4.247
0.5170184445712113,0.1156149239981575,0.328446909667195,0,0,0.4755825087775295,3.086
0.5748241110477276,0.5338553661906956,0.3561806656101426,0,2,0.780189381849133,5.749
0.4133865753945617,0.4053431598341778,0.518621236133122,0,3,0.330886264496223,1.647
0.4772770488686061,0.2897282358360203,0.1881933438985736,0,0,0.6595382487498671,3.365
0.5183494961019205,0.5951174573929066,0.6838351822503962,0,3,0.4765400574529205,3.477
0.4061608670849971,0.6913864578535237,0.2884310618066561,0,0,0.738057240131929,5.385
0.4531279710971667,0.1865499769691386,0.1870047543581616,1,3,0.5444196191084159,6.195
0.3957026050579958,0.1027176416397973,0.518621236133122,0,0,0.3919565911267156,1.589
0.2956835900361285,0.3274988484569323,0.1794770206022186,0,0,0.3949356314501542,3.641
0.3202129682449134,0.7305389221556887,0.3383518225039619,0,4,0.6961378870092563,6.416
0.4318311466058185,0.6379548595117458,0.328446909667195,0,2,0.4153633365251623,4.593
0.5831907206693288,0.1027176416397973,0.3510301109350238,0,0,0.5730396850728801,3.387
0.3445521962350256,0.4085674804237679,0.2210776545166402,0,0,0.4928183849345675,4.208
0.4101540216771249,0.1027176416397973,0.2393026941362916,1,0,0.5304819661666135,3.36
0.294542688724092,0.2680792261630585,0.1755150554675118,0,0,0.5331418235982551,3.62
0.3614755656969005,0.17918010133579,0.2440570522979397,0,0,0.5511224598361528,3.513
0.3500665525765354,0.2671579917088899,0.2159270998415213,0,0,0.4878178529630812,3.799
0.4059707168663243,0.1027176416397973,0.4770206022187005,1,0,0.4200446856048516,3.937
0.1583951321544019,0.5886688162137265,0.5832012678288431,0,0,0.5838919033939781,3.916
0.4459022627876021,0.1027176416397973,0.144215530903328,0,0,0.5874029152037451,4.62
0.4394371553527286,0.5739290649470291,0.2801109350237717,0,1,0.7311416108096607,6.535
0.5736832097356912,0.5872869645324735,0.2678288431061806,0,1,0.8137035854878178,7.691
0.5831907206693288,0.1027176416397973,0.3874801901743265,0,0,0.6963506756037877,5.159
0.4814603536794067,0.2579456471672041,0.6485736925515055,0,0,0.2931162889669114,1.02
0.6879634911580148,0.0617227084292952,0.5206022187004754,0,0,0.6757101819342484,5.38
0.259364898269633,0.410409949332105,0.1687797147385102,0,0,0.6213426960314927,4.42
0.5067503327628826,0.0617227084292952,0.2032488114104595,0,0,0.6314501542717311,4.891
0.6866324396273055,0.1865499769691386,0.3759904912836767,0,0,0.684115331418236,4.668
0.5559992393991253,0.2671579917088899,0.5106973058637084,0,1,0.5037769975529311,4.117
0.4816505038980795,0.3274988484569323,0.3324088748019018,0,3,0.3897223108841366,2.681
0.5236737022247574,0.2671579917088899,0.5166402535657686,0,1,0.4738802000212789,5.029
0.5246244533181214,0.391524643021649,0.5530903328050712,0,0,0.5824023832322588,4.377
0.337326487925461,0.4053431598341778,0.4532488114104596,0,2,0.3129056282583253,4.92
0.2599353489256512,0.1524643021649009,0.9017432646592712,1,0,0.2777955101606554,0.841
0.6662863662293212,0.319207738369415,0.5079239302694136,0,2,0.6099585062240666,4.976
0.6010648412245673,0.5799170888991249,0.2258320126782884,1,2,0.7621023513139696,8.604
0.2686822589845978,0.2284661446338093,0.1830427892234548,0,0,0.5076071922544952,3.022
0.2696330100779615,0.4970059880239521,0.19770206022187,0,0,0.7391211831045855,4.74
0.5320403118463586,1.0,0.1949286846275752,0,0,1.0,3.623
0.2994865944095835,0.5048364808843852,0.5986529318541998,0,1,0.0983083306734759,3.396
0.4622551815934588,0.4283740211883925,0.2690174326465926,0,0,0.5943185445260135,5.65
0.231793116562084,0.4550898203592814,0.1458003169572107,0,0,0.5561229918076392,3.889
0.5424985738733599,0.1027176416397973,0.4619651347068145,1,0,0.5333546121927865,3.629
0.3122266590606579,0.3509903270382312,0.1778922345483359,1,0,0.4229173316310246,3.601
0.3251568739304049,0.1524643021649009,0.6794770206022188,0,0,0.2500265985743164,2.156
0.1606769347784749,0.262551819438047,0.1913629160063391,0,1,0.273114161080966,2.445
0.387906446092413,0.4477199447259328,0.5915213946117274,0,3,0.1824662198106181,2.976
0.7356911960448753,0.1027176416397973,0.3541996830427892,0,0,0.8289179699968083,6.634
0.131583951321544,0.0617227084292952,0.2908082408874801,1,0,0.316842217257155,3.47
0.3268682258984597,0.1027176416397973,0.1826465927099841,0,0,0.4670709649962762,3.513
0.2580338467389237,0.3823122984799632,0.5408082408874801,0,0,0.5436748590275561,3.007
0.5598022437725803,0.1524643021649009,0.6422345483359746,0,0,0.4550484094052559,2.859
0.4299296444190911,0.5209580838323353,0.2028526148969889,0,2,0.6800723481221407,5.86
0.3508271534512264,0.0617227084292952,0.3553882725832012,0,0,0.3968507288009363,2.364
